requested_at,link_type,status,num_results,search_engine_name,page_number,domain,link,visible_link,rank,effective_query,requested_by,query,num_results_for_query,scrape_method,title,snippet,no_results
2017-06-08 08:00:03.499097,results,successful,10,google,1,www.quora.com,https://www.quora.com/How-can-I-get-admitted-to-MIT,https://www.quora.com/How-can-I-get-admitted-to-MIT,1,,localhost,what is the best way to admit to MIT? site:www.quora.com,"검색결과 약 20,000개 (0.29초) ",selenium,How to get admitted to MIT - Quora,"How to get into MIT and how to get into the Media Lab somewhat different. While the Media Lab .... If you enjoy doing things related to IOI, then that is definitely the best way to maximize your chances of getting into MIT. People who perform well ...",False
2017-06-08 08:00:03.499097,results,successful,10,google,1,www.quora.com,https://www.quora.com/How-can-an-Indian-student-be-admitted-by-MIT-for-undergraduate-studies,https://www.quora.com/How-can-an-Indian-student-be-admitted-...,2,,localhost,what is the best way to admit to MIT? site:www.quora.com,"검색결과 약 20,000개 (0.29초) ",selenium,How can an Indian student be admitted by MIT for undergraduate ...,"Grades & Coursework. If you are an international student, you may not be familiar with the .... You need to be the Best of the Best of the Best, and however one ...",False
2017-06-08 08:00:03.499097,results,successful,10,google,1,www.quora.com,https://www.quora.com/How-can-an-Indian-student-get-into-a-top-international-university,https://www.quora.com/How-can-an-Indian-student-get-into-a-top...,3,,localhost,what is the best way to admit to MIT? site:www.quora.com,"검색결과 약 20,000개 (0.29초) ",selenium,How can an Indian student get into a top international university ...,"Absolute Requirements. There generally aren't that many absolute requirements for American ... I'm a junior studying Electrical Engineering and Computer Science at MIT, and I come from Mumbai. Like Ishaan rightly ..... The best way to do well in SATs, is to just sit down with your SAT book and practice. All you need to do ...",False
2017-06-08 08:00:03.499097,results,successful,10,google,1,www.quora.com,https://www.quora.com/I-want-to-get-into-Stanford-or-MIT-What-are-some-suggestions-on-extracurricular-activities-I-should-do-to-help-me-get-accepted,https://www.quora.com/I-want-to-get-into-Stanford-or-MIT-What...,4,,localhost,what is the best way to admit to MIT? site:www.quora.com,"검색결과 약 20,000개 (0.29초) ",selenium,I want to get into Stanford or MIT. What are some suggestions on ...,"You gotta only pursue activities that allow you to develop further into the human you intend to ... Why? a) That's the only way you'll be really good at it, and b) That's the only way you can write anything meaningful about it on your college apps. Resist the ... I was admitted to both Stanford and MIT for undergraduate studies.",False
2017-06-08 08:00:03.499097,results,successful,10,google,1,www.quora.com,https://www.quora.com/What-are-the-most-important-tips-for-getting-accepted-in-MIT-Media-Lab,https://www.quora.com/What-are-the-most-important-tips-for-get...,5,,localhost,what is the best way to admit to MIT? site:www.quora.com,"검색결과 약 20,000개 (0.29초) ",selenium,What are the most important tips for getting accepted in MIT Media Lab ...,"The most important thing to know about admissions at the Media Lab is that it is conducted on a ... But on a per group basis, you need an advisor to see you as literally the best candidate or two they have that year. In terms of the application ... I think some groups direct-admit off a phone call with the advisor. The big takeaway ...",False
2017-06-08 08:00:03.499097,results,successful,10,google,1,www.quora.com,https://www.quora.com/Massachusetts-Institute-of-Technology-MIT-What-is-the-best-approach-to-get-into-MIT-Stanford-for-Graduate-Electrical-Engineering,https://www.quora.com/Massachusetts-Institute-of-Technology-M...,6,,localhost,what is the best way to admit to MIT? site:www.quora.com,"검색결과 약 20,000개 (0.29초) ",selenium,Massachusetts Institute of Technology (MIT): What is the best ... - Quora,"I'll just add a few tidbits of advice, with the assumption that you're looking at PhD programs .... I wrote (almost) the same thing for a similar question about PhD admission in general. There are some good ... How can I get admitted to MIT?",False
2017-06-08 08:00:03.499097,results,successful,10,google,1,www.quora.com,https://www.quora.com/What-are-the-ways-to-get-into-MIT,https://www.quora.com/What-are-the-ways-to-get-into-MIT,7,,localhost,what is the best way to admit to MIT? site:www.quora.com,"검색결과 약 20,000개 (0.29초) ",selenium,What are the ways to get into MIT? - Quora,"School admissions criteria change. Asking an alumnus of MIT, like me, may not give you the ... 25% of the very good lacrosse Student-Athletes were admitted.",False
2017-06-08 08:00:03.499097,results,successful,10,google,1,www.quora.com,https://www.quora.com/What-should-a-12th-std-student-do-to-get-into-MIT-for-its-undergraduate-course-What-is-the-exam-to-be-prepared-for-and-what-is-its-cut-off-and-application-process,https://www.quora.com/What-should-a-12th-std-student-do-to-ge...,8,,localhost,what is the best way to admit to MIT? site:www.quora.com,"검색결과 약 20,000개 (0.29초) ",selenium,What should a 12th std student do to get into MIT for its undergraduate ...,"Tests To Take. International students—or domestic students who do not speak English .... So there is NO WAY that asking for financial aid affects your admission; and ... Finally, the MIT admissions board, do not look for a perfect 2400 SAT score. ... How can an Indian student be admitted by MIT for undergraduate studies?",False
2017-06-08 08:00:03.499097,results,successful,10,google,1,www.quora.com,https://www.quora.com/What-does-it-take-to-be-admitted-to-a-top-US-school-like-MIT-CMU-Berkeley-or-Stanford-for-a-computer-science-masters,https://www.quora.com/What-does-it-take-to-be-admitted-to-a-to...,9,,localhost,what is the best way to admit to MIT? site:www.quora.com,"검색결과 약 20,000개 (0.29초) ",selenium,"What does it take to be admitted to a top US school like MIT, CMU ...","Karthik (who I was on the committee with) has a long write up here ... A lukewarm recommendation does you no good, and possibly even harm, even if it comes ... while in most other places the master's is generally viewed as a route to a PhD.",False
2017-06-08 08:00:03.499097,results,successful,10,google,1,www.quora.com,https://www.quora.com/Are-straight-As-required-to-be-admitted-to-MIT,https://www.quora.com/Are-straight-As-required-to-be-admitted-t...,10,,localhost,what is the best way to admit to MIT? site:www.quora.com,"검색결과 약 20,000개 (0.29초) ",selenium,Are straight A's required to be admitted to MIT? - Quora,"Perfect grades are neither necessary nor sufficient to get admission into MIT. You can look at this in several different ways, but MIT is so selective that it could ...",False
2017-06-08 08:00:05.907308,results,successful,10,google,2,www.quora.com,https://www.quora.com/Are-straight-As-required-to-be-admitted-to-MIT,https://www.quora.com/Are-straight-As-required-to-be-admitted-t...,1,,localhost,what is the best way to admit to MIT? site:www.quora.com,"검색결과 약 20,000개 중 2페이지 (0.29초) ",selenium,Are straight A's required to be admitted to MIT? - Quora,"Perfect grades are neither necessary nor sufficient to get admission into MIT. You can look at this in several different ways, but MIT is so selective that it could ...",False
2017-06-08 08:00:05.907308,results,successful,10,google,2,www.quora.com,https://www.quora.com/What-kind-of-students-does-MIT-accept,https://www.quora.com/What-kind-of-students-does-MIT-accept,2,,localhost,what is the best way to admit to MIT? site:www.quora.com,"검색결과 약 20,000개 중 2페이지 (0.29초) ",selenium,What kind of students does MIT accept? - Quora,"Ask any admissions officer at MIT, and he or she will tell you that, while grades and scores are ... MIT wants to admit people who are not only planning to succeed, but who are not afraid to fail. When people take ... is risky and messy! Getting your hands dirty and trying something new is often the best way to achieve success.",False
2017-06-08 08:00:05.907308,results,successful,10,google,2,www.quora.com,https://www.quora.com/MIT-Is-it-easier-to-get-into-MIT-if-you-are-a-woman,https://www.quora.com/MIT-Is-it-easier-to-get-into-MIT-if-you-a...,3,,localhost,what is the best way to admit to MIT? site:www.quora.com,"검색결과 약 20,000개 중 2페이지 (0.29초) ",selenium,MIT: Is it easier to get into MIT if you are a woman? - Quora,"Well, what do you mean by ""easier""? Do you mean ""requires less effort over the course of your ... When I was in high school and got admitted to MIT, I asked someone from the admissions office about this. She said ... There's just no way to get good data on whether women self-select more strongly when applying to MIT.",False
2017-06-08 08:00:05.907308,results,successful,10,google,2,www.quora.com,https://www.quora.com/What-are-my-chances-of-getting-admitted-at-MIT,https://www.quora.com/What-are-my-chances-of-getting-admitte...,4,,localhost,what is the best way to admit to MIT? site:www.quora.com,"검색결과 약 20,000개 중 2페이지 (0.29초) ",selenium,What are my chances of getting admitted at MIT? - Quora,"You can take a look at the MIT admission statistics which tells you the percentage of people ... I think it's a good idea to view an admissions application to MIT as something of a lottery ticket. Great if you ... The old way of doing things was to apply to the right schools, get a job at the right companies, and then live out your life.",False
2017-06-08 08:00:05.907308,results,successful,10,google,2,www.quora.com,https://www.quora.com/How-can-a-non-mathy-admit-to-MIT-best-prepare-for-the-Math-at-MIT,https://www.quora.com/How-can-a-non-mathy-admit-to-MIT-best...,5,,localhost,what is the best way to admit to MIT? site:www.quora.com,"검색결과 약 20,000개 중 2페이지 (0.29초) ",selenium,How can a 'non-mathy' admit to MIT best prepare for the Math at MIT ...,"Well, if you've done your high school algebra, precalculus, geometry, statistics — and do really ... in about 15 week semesters (the week after Labor Day is the start of classes, all the way to about a week before Christmas, which is finals).",False
2017-06-08 08:00:05.907308,results,successful,10,google,2,www.quora.com,https://www.quora.com/How-difficult-is-it-to-get-admitted-into-MIT-for-PhD-studies-in-computer-science,https://www.quora.com/How-difficult-is-it-to-get-admitted-into-...,6,,localhost,what is the best way to admit to MIT? site:www.quora.com,"검색결과 약 20,000개 중 2페이지 (0.29초) ",selenium,How difficult is it to get admitted into MIT for PhD studies in computer ...,"I did 5 year Masters co-op program at MIT as undergrad 1978–1981, probably about average ... You need to be among the best of the best, have great scores and GPA and glowing letters of recommendation. You should have done research in ...",False
2017-06-08 08:00:05.907308,results,successful,10,google,2,www.quora.com,https://www.quora.com/How-do-I-build-a-profile-to-get-accepted-into-a-star-college-like-Caltech-MIT-Stanford-or-Berkeley-for-an-MS-in-CS,https://www.quora.com/How-do-I-build-a-profile-to-get-accepted...,7,,localhost,what is the best way to admit to MIT? site:www.quora.com,"검색결과 약 20,000개 중 2페이지 (0.29초) ",selenium,How to build a profile to get accepted into a star college like Caltech ...,"(on leave from the CS Ph.D. program at Stanford) copying this answer from my own webpage ... Answered Oct 27, 2012 · Upvoted by Quora User, Accepted to Harvard, MIT, Stanford, and Berkeley ... Q. What kind of GRE scores do I need to be admitted? A. Your ... A Math score of 750 or higher is adequate and an 800 is best.",False
2017-06-08 08:00:05.907308,results,successful,10,google,2,www.quora.com,https://www.quora.com/Are-the-MIT-Admissions-blog-posts-telling-the-truth,https://www.quora.com/Are-the-MIT-Admissions-blog-posts-telli...,8,,localhost,what is the best way to admit to MIT? site:www.quora.com,"검색결과 약 20,000개 중 2페이지 (0.29초) ",selenium,Are the MIT Admissions blog posts telling the truth? - Quora,"2015. 4. 22. - Yes, they are telling the truth. I should point out that I didn't have straight A's and I got ... Many Ways To Define “The Best” | MIT Admissions ... culture of the school, if you just use grades and test scores to figure out who to admit, ...",False
2017-06-08 08:00:05.907308,results,successful,10,google,2,www.quora.com,https://www.quora.com/How-hard-is-it-to-get-into-MIT-for-a-Ph-D,https://www.quora.com/How-hard-is-it-to-get-into-MIT-for-a-Ph-D,9,,localhost,what is the best way to admit to MIT? site:www.quora.com,"검색결과 약 20,000개 중 2페이지 (0.29초) ",selenium,How hard is it to get into MIT for a Ph.D? - Quora,"It is easy, as others have said. Just read everything (every thing) here and on the linked web ... For the folks who get admitted, it probably wasn't all that hard. ... into MIT took was filling out the application, getting some good recommendations, ...",False
2017-06-08 08:00:05.907308,results,successful,10,google,2,www.quora.com,https://www.quora.com/I-want-to-do-a-masters-in-a-reputed-institution-like-MIT-or-Stanford-with-a-scholarship-Im-just-starting-my-B-Tech-Computer-Science-in-an-average-engineering-college-in-India-What-should-I-start-doing-now-What-are-the-minimum-requirements-to-get-into-such-institutions-with-scholarship,https://www.quora.com/I-want-to-do-a-masters-in-a-reputed-instit...,10,,localhost,what is the best way to admit to MIT? site:www.quora.com,"검색결과 약 20,000개 중 2페이지 (0.29초) ",selenium,I want to do a master's in a reputed institution like MIT or Stanford with ...,"EDIT: I did not completely read your question, an posted an answer related to Computer ... Admissions: Admissions are based on GPA, Letters Of Recommendations from your ... get an MS degree on the way, when they've completed their graduate course requirements. ... About 5% of PhD applicants get admitted every year.",False
